product_id,url
4,oro-00000004-najqukru.html
35,oro-00000035-19wscley.html
39,oro-00000039-hgknut2q.html
40,oro-00000040-e34s6xtu.html
65,oro-00000065-jtibjzpr.html
94,oro-00000094-bn3hbq7p.html
99,oro-00000099-tw0padft.html
101,oro-00000101-vqzbnh49.html
114,oro-00000114-h27uqzl7.html
119,oro-00000119-3ujpqer2.html
121,oro-00000121-sv0gyour.html
128,oro-00000128-ywycxgbl.html
129,oro-00000129-cymzzhdk.html
135,oro-00000135-llltpswx.html
138,oro-00000138-pefxorsv.html
151,oro-00000151-pngpl7wn.html
153,oro-00000153-dpjrz4wj.html
169,oro-00000169-yhktt4lv.html
171,oro-00000171-8wrpm9t0.html
180,oro-00000180-v0hmvqir.html
181,oro-00000181-afxofigm.html
213,oro-00000213-ikbd5vnb.html
216,oro-00000216-2ivyjrjo.html
223,oro-00000223-7imcoruo.html
232,oro-00000232-ddh8tccn.html
258,oro-00000258-3no2azww.html
276,oro-00000276-ya06hmsi.html
302,oro-00000302-8x3dosih.html
304,oro-00000304-h8fbe0xe.html
307,oro-00000307-ncvmbrkx.html
313,oro-00000313-w5mljxxm.html
316,oro-00000316-g0eh7wng.html
333,oro-00000333-aoornb9b.html
344,oro-00000344-gq0jabrf.html
367,oro-00000367-frddrzrq.html
383,oro-00000383-azqeaszt.html
407,oro-00000407-ddyekzy1.html
409,oro-00000409-f7lcslxd.html
426,oro-00000426-iy5rpohd.html
430,oro-00000430-1eaq3huz.html
443,oro-00000443-c28zj7m3.html
455,oro-00000455-uhokgfjr.html
461,oro-00000461-ghtnbzkw.html
476,oro-00000476-aaxzomvw.html
489,oro-00000489-t23yawpt.html
504,oro-00000504-1tfhnzo4.html
511,oro-00000511-5wetkaji.html
512,oro-00000512-oduamobt.html
517,oro-00000517-pstwruy3.html
529,oro-00000529-mjf0zfok.html
542,oro-00000542-fmfzldwn.html
551,oro-00000551-xsojp40f.html
556,oro-00000556-6hrarzcs.html
580,oro-00000580-xq9msnhs.html
591,oro-00000591-ixxmesth.html
596,oro-00000596-ncg8bljz.html
605,oro-00000605-dvtggvwr.html
618,oro-00000618-vunlwxrr.html
633,oro-00000633-gtuqgk30.html
638,oro-00000638-wdrqxemg.html
646,oro-00000646-dzcchvez.html
647,oro-00000647-hx3xkgew.html
675,oro-00000675-kolpts3v.html
683,oro-00000683-cwryds7h.html
738,oro-00000738-ca9npkjn.html
749,oro-00000749-evxpzu2x.html
758,oro-00000758-wwrffr1v.html
767,oro-00000767-lzhakmce.html
799,oro-00000799-haqcnshu.html
806,oro-00000806-cgxllj8i.html
813,oro-00000813-x1vfuthz.html
818,oro-00000818-nppifal6.html
819,oro-00000819-xf7suzjf.html
824,oro-00000824-5nrqwe3y.html
828,oro-00000828-box11abd.html
833,oro-00000833-gn2rtwbo.html
839,oro-00000839-70v3ejrm.html
854,oro-00000854-jjd5loby.html
858,oro-00000858-j47naphc.html
863,oro-00000863-ealkz5x6.html
870,oro-00000870-qsq1ap4f.html
889,oro-00000889-tfbnmtpq.html
893,oro-00000893-mk7gxvkg.html
902,oro-00000902-flyrckdi.html
907,oro-00000907-priqbejt.html
962,oro-00000962-q6ybvq97.html
965,oro-00000965-uoarfjzl.html
989,oro-00000989-lpqbmtg3.html
998,oro-00000998-yvglh0fi.html
1009,oro-00001009-40r3dhzd.html
1022,oro-00001022-zz3qpmlh.html
1048,oro-00001048-rgo9kyjo.html
1057,oro-00001057-6esnz1oo.html
1060,oro-00001060-xqtzl6he.html
1062,oro-00001062-8kawpblv.html
1089,oro-00001089-9doxiywf.html
1090,oro-00001090-7zae1t2b.html
1109,oro-00001109-hve4zmpy.html
1113,oro-00001113-azncte5m.html
1118,oro-00001118-phyrrrri.html
1134,oro-00001134-i2tyyxyj.html
1181,oro-00001181-pug8nys1.html
1182,oro-00001182-6zhecezg.html
1200,oro-00001200-lk7uhf2d.html
1202,oro-00001202-4cx0g8ke.html
1217,oro-00001217-yrqqs7hy.html
1225,oro-00001225-svre42hw.html
1233,oro-00001233-a2makz66.html
1238,oro-00001238-gitv3cww.html
1244,oro-00001244-yr1cgswk.html
1248,oro-00001248-mzqjidt8.html
1269,oro-00001269-s3tavjgv.html
1274,oro-00001274-rlsvylfe.html
1291,oro-00001291-rasu8csv.html
1295,oro-00001295-owd6frxj.html
1305,oro-00001305-mtq8jqc7.html
1312,oro-00001312-gxipac6t.html
1322,oro-00001322-xjduznim.html
1326,oro-00001326-mmzjx5mp.html
1327,oro-00001327-eeavstmc.html
1332,oro-00001332-gomqzqxo.html
1339,oro-00001339-fmfchbqg.html
1378,oro-00001378-jvqkxzmr.html
1384,oro-00001384-nlghdwrp.html
1399,oro-00001399-gwupyj13.html
1404,oro-00001404-nk4aobgn.html
1416,oro-00001416-lg8yfhor.html
1427,oro-00001427-3obcxbc4.html
1436,oro-00001436-prk3a6xo.html
1442,oro-00001442-ksynzu84.html
1443,oro-00001443-rbday15i.html
1464,oro-00001464-8swnaluj.html
1483,oro-00001483-ptwql9uw.html
1498,oro-00001498-rzna8xnb.html
1506,oro-00001506-39peofpc.html
1509,oro-00001509-5klimcix.html
1515,oro-00001515-8en59mcp.html
1518,oro-00001518-3uvzyb0d.html
1545,oro-00001545-nzjrgb8c.html
1564,oro-00001564-uydkncvs.html
1566,oro-00001566-eqsga84z.html
1567,oro-00001567-d2yptag0.html
1572,oro-00001572-ofkm4d3n.html
1576,oro-00001576-c8kh1x9x.html
1590,oro-00001590-fcxhzzxh.html
1597,oro-00001597-477j3hj4.html
1608,oro-00001608-51w2ihu1.html
1609,oro-00001609-wm1k5kyf.html
1616,oro-00001616-etmisnmd.html
1619,oro-00001619-amglbsp8.html
1627,oro-00001627-qozdkyjp.html
1631,oro-00001631-ij69fzpm.html
1633,oro-00001633-uk3akbsz.html
1639,oro-00001639-qbhcdfd4.html
1658,oro-00001658-lovxifwf.html
1665,oro-00001665-cmy3kttb.html
1671,oro-00001671-5gehtlov.html
1676,oro-00001676-zjmqmstx.html
1677,oro-00001677-h2mxzzfq.html
1722,oro-00001722-lnjarqai.html
1733,oro-00001733-qokmoi1k.html
1737,oro-00001737-xnmwu5kf.html
1778,oro-00001778-9t6mpsdv.html
1791,oro-00001791-rpotjb5j.html
1798,oro-00001798-aqjprblt.html
1800,oro-00001800-lt5sc3pj.html
1805,oro-00001805-suchoeql.html
1810,oro-00001810-qt0aembw.html
1860,oro-00001860-hlhk5hli.html
1861,oro-00001861-vkfdxpqg.html
1863,oro-00001863-sbrfvzwa.html
1873,oro-00001873-15tft6lx.html
1879,oro-00001879-acbfbsae.html
1894,oro-00001894-b88awcam.html
1902,oro-00001902-xyqvm3vc.html
1936,oro-00001936-lfaqyxp6.html
1964,oro-00001964-bv1vknml.html
1976,oro-00001976-mydiq6os.html
1981,oro-00001981-ftui531f.html
1993,oro-00001993-zyzplhje.html
1995,oro-00001995-aguzzp8l.html
2009,oro-00002009-gxkc12qz.html
2028,oro-00002028-2nucr8wj.html
2029,oro-00002029-aw12jy2p.html
2065,oro-00002065-ec1d6kln.html
2080,oro-00002080-tznexjol.html
2105,oro-00002105-7p2yhrzn.html
2111,oro-00002111-brs1ey8f.html
2147,oro-00002147-uondyvf3.html
2157,oro-00002157-nkef87mf.html
2181,oro-00002181-stwfa6zi.html
2184,oro-00002184-rsoo57yd.html
2185,oro-00002185-jsqpehrq.html
2193,oro-00002193-a8uyuhus.html
2195,oro-00002195-gdvloavf.html
2196,oro-00002196-ufnkekun.html
2226,oro-00002226-efs1tijs.html
2233,oro-00002233-cywjkngf.html
2237,oro-00002237-7xku8aoc.html
2240,oro-00002240-uddubz4e.html
2250,oro-00002250-jlzkdewo.html
2259,oro-00002259-liz3k7yi.html
2298,oro-00002298-jyi0blxw.html
2303,oro-00002303-sbftejbh.html
2323,oro-00002323-5oxrphwp.html
2348,oro-00002348-flzuvxf3.html
2360,oro-00002360-oxisx1da.html
2369,oro-00002369-xkworm3w.html
2384,oro-00002384-esszomg2.html
2396,oro-00002396-taq0sjqs.html
2406,oro-00002406-pn6vxe4w.html
2459,oro-00002459-ag22diai.html
2468,oro-00002468-idsfscyh.html
2479,oro-00002479-eocd71b1.html
2480,oro-00002480-07mbja6l.html
2487,oro-00002487-zsjwq1sz.html
2537,oro-00002537-gmps1pfc.html
2554,oro-00002554-wyez5xwv.html
2565,oro-00002565-zoymmupl.html
2566,oro-00002566-v2henumb.html
2571,oro-00002571-gd0m4wqj.html
2572,oro-00002572-7w5ssjpq.html
2620,oro-00002620-rjzvdotm.html
2623,oro-00002623-dkh9efhb.html
2641,oro-00002641-74aierk8.html
2653,oro-00002653-qbngc4mm.html
2682,oro-00002682-9fyyus9g.html
2687,oro-00002687-c2jwkrlq.html
2714,oro-00002714-jtoi1ndz.html
2719,oro-00002719-oywl2mre.html
2738,oro-00002738-rmghjzpi.html
2741,oro-00002741-csd6ox6x.html
2759,oro-00002759-hpcceamv.html
2768,oro-00002768-7xjvrecn.html
2784,oro-00002784-1njqdzyv.html
2805,oro-00002805-nfsiuw7u.html
2812,oro-00002812-oeprezkc.html
2824,oro-00002824-fqkxl7sd.html
2830,oro-00002830-xsojcmxw.html
2865,oro-00002865-xcat8v4x.html
2866,oro-00002866-ykzwk45h.html
2872,oro-00002872-iwv1fped.html
2888,oro-00002888-mjlhrggs.html
2891,oro-00002891-enxt9wcg.html
2921,oro-00002921-frg9qv0p.html
2926,oro-00002926-1huas530.html
2935,oro-00002935-ksaemigg.html
2941,oro-00002941-avco5ehf.html
2985,oro-00002985-1geuqjju.html
2991,oro-00002991-ftuczjee.html
2996,oro-00002996-1dwmwg2f.html
2997,oro-00002997-4xsplwos.html
3004,oro-00003004-ijs9ng5l.html
3007,oro-00003007-2mrfqe2z.html
3015,oro-00003015-01mnbsuo.html
3025,oro-00003025-rx0zbaqw.html
3030,oro-00003030-vgtxyoj1.html
3035,oro-00003035-xnpdjfog.html
3054,oro-00003054-nvycrexj.html
3064,oro-00003064-lrva59xy.html
3077,oro-00003077-axnyagg2.html
3078,oro-00003078-xuvog2z6.html
3085,oro-00003085-dcbroyyd.html
3121,oro-00003121-ns9frc8g.html
3131,oro-00003131-jqn0krus.html
3145,oro-00003145-zd5szahp.html
3162,oro-00003162-x3ewfsra.html
3165,oro-00003165-5ybjw7iu.html
3176,oro-00003176-djizgsus.html
3195,oro-00003195-lmalp8xn.html
3203,oro-00003203-ullqkqsw.html
3204,oro-00003204-oxvidpno.html
3208,oro-00003208-mb5a5qrv.html
3209,oro-00003209-6s48isfx.html
3246,oro-00003246-svl43wcy.html
3268,oro-00003268-e7bgzwi0.html
3272,oro-00003272-dyjd6ome.html
3279,oro-00003279-r7uyya92.html
3280,oro-00003280-8ppxhvwy.html
3303,oro-00003303-w9owezux.html
3320,oro-00003320-puaiwl09.html
3323,oro-00003323-hpxjlbr1.html
3328,oro-00003328-hkgudrfn.html
3340,oro-00003340-c5lnej0q.html
3353,oro-00003353-0of0g7bv.html
3362,oro-00003362-yxaj1k65.html
3375,oro-00003375-qrytjjyi.html
3384,oro-00003384-amol56ue.html
3394,oro-00003394-nbtcqpib.html
3397,oro-00003397-s71sl9p8.html
3402,oro-00003402-rzgxifgj.html
3409,oro-00003409-avi6y93b.html
3414,oro-00003414-8qnfc8xq.html
3416,oro-00003416-yocz06pn.html
3431,oro-00003431-x3zd4xlk.html
3435,oro-00003435-8etchi1f.html
3451,oro-00003451-vvvwznvf.html
3459,oro-00003459-xo8rkvfv.html
3465,oro-00003465-gu4ihp2q.html
3467,oro-00003467-rnqu9jtj.html
3513,oro-00003513-crpfctsf.html
3541,oro-00003541-0xjvemgk.html
3559,oro-00003559-n1zxjdg2.html
3569,oro-00003569-3of1maip.html
3584,oro-00003584-ps1fvfy0.html
3601,oro-00003601-832kes6j.html
3604,oro-00003604-5p9d62gj.html
3613,oro-00003613-ps11nhou.html
3616,oro-00003616-nus02ksv.html
3635,oro-00003635-barqrsoa.html
3654,oro-00003654-gfgpi4c6.html
3668,oro-00003668-pizpeg0v.html
3683,oro-00003683-ljtkmm8n.html
3712,oro-00003712-xg8sekfy.html
3714,oro-00003714-adxgiutu.html
3738,oro-00003738-4bthiwsh.html
3782,oro-00003782-0tl4qeus.html
3803,oro-00003803-w42ahzjt.html
3808,oro-00003808-ubvmrprp.html
3814,oro-00003814-s7l0vgtc.html
3818,oro-00003818-g7txcnu0.html
3819,oro-00003819-wflzqtcg.html
3835,oro-00003835-ozugwaqw.html
3846,oro-00003846-3vghstef.html
3847,oro-00003847-derefan6.html
3853,oro-00003853-uidofbkl.html
3857,oro-00003857-a420ftot.html
3886,oro-00003886-xfxm528d.html
3929,oro-00003929-xxk8kptj.html
3930,oro-00003930-yjo50iw1.html
3934,oro-00003934-4cc2codx.html
3950,oro-00003950-ettiq1tc.html
3957,oro-00003957-zuwx7eoc.html
3964,oro-00003964-vao7gpub.html
3965,oro-00003965-ztsd77ja.html
3971,oro-00003971-up39etsb.html
3974,oro-00003974-zddxkfg0.html
3978,oro-00003978-jxd5njqr.html
3981,oro-00003981-gasecpb2.html
3984,oro-00003984-dso0sujo.html
3986,oro-00003986-sua7evze.html
4034,oro-00004034-ux6k7nsf.html
4039,oro-00004039-fkkvvesm.html
4071,oro-00004071-3qpfrzfa.html
4078,oro-00004078-pgubtd6m.html
4089,oro-00004089-vfprv3mo.html
4104,oro-00004104-xdoh0rw5.html
4116,oro-00004116-uiy2l8jt.html
4120,oro-00004120-eupkm1ud.html
4132,oro-00004132-ctznxlc9.html
4135,oro-00004135-sqwivsnh.html
4149,oro-00004149-nkktahil.html
4152,oro-00004152-cqhzjwah.html
4156,oro-00004156-ke9srhxs.html
4172,oro-00004172-97piaanx.html
4182,oro-00004182-dqkvaxqq.html
4190,oro-00004190-e3gibbob.html
4194,oro-00004194-kmwyhblj.html
4204,oro-00004204-i4fv2fio.html
4210,oro-00004210-bzg99qln.html
4221,oro-00004221-assxajid.html
4226,oro-00004226-ebd85kcs.html
4231,oro-00004231-xdurhmvf.html
4234,oro-00004234-smshlqz7.html
4255,oro-00004255-ffiily3m.html
4271,oro-00004271-acj1v5ff.html
4296,oro-00004296-p6psacxk.html
4311,oro-00004311-ifjdhyq8.html
4333,oro-00004333-gzt2dauy.html
4335,oro-00004335-dw3dg15x.html
4360,oro-00004360-adiwsqla.html
4370,oro-00004370-jtavma8a.html
4385,oro-00004385-ge7egrkq.html
4412,oro-00004412-ceu2oytm.html
4419,oro-00004419-xxac2m7r.html
4428,oro-00004428-5yrl7bf0.html
4439,oro-00004439-sj6aqlpk.html
4463,oro-00004463-w3lomls4.html
4467,oro-00004467-x12bu7pp.html
4472,oro-00004472-zvbef57b.html
4489,oro-00004489-bkpx16ss.html
4492,oro-00004492-ko6rbclx.html
4522,oro-00004522-edlmgdlh.html
4527,oro-00004527-pemomh06.html
4543,oro-00004543-bnpzrbiw.html
4561,oro-00004561-q1zsnwmp.html
4625,oro-00004625-kuasnchu.html
4630,oro-00004630-pvffvcln.html
4635,oro-00004635-gtjiabkk.html
4648,oro-00004648-kgkdowiy.html
4652,oro-00004652-thdc93p2.html
4653,oro-00004653-6mzmoodv.html
4675,oro-00004675-y9vtbeip.html
4678,oro-00004678-cw8zyyah.html
4680,oro-00004680-fbeflhiu.html
4685,oro-00004685-bzgtvwjr.html
4687,oro-00004687-mksafck0.html
4719,oro-00004719-atzzn8ek.html
4721,oro-00004721-8lazylow.html
4754,oro-00004754-9zbufqmi.html
4789,oro-00004789-ohyv6dgl.html
4796,oro-00004796-kgypjhjz.html
4803,oro-00004803-hrxyzr39.html
4821,oro-00004821-u2jxaqta.html
4832,oro-00004832-xcqnttou.html
4840,oro-00004840-kqtsq7n7.html
4853,oro-00004853-sggonxxx.html
4908,oro-00004908-pmtsjxad.html
4926,oro-00004926-hrcjyxn0.html
4966,oro-00004966-jmcnmqgu.html
4986,oro-00004986-2eztl8ux.html
5018,oro-00005018-qpuwl65y.html
5040,oro-00005040-lte9xilk.html
5041,oro-00005041-qohcdnh3.html
5072,oro-00005072-yuoslgds.html
5075,oro-00005075-qqxie2lk.html
5079,oro-00005079-p0enx2rp.html
5086,oro-00005086-9a6jwx13.html
5109,oro-00005109-7zjos6o2.html
5114,oro-00005114-eeosk7uq.html
5116,oro-00005116-phudbvze.html
5147,oro-00005147-uzdi8cy2.html
5156,oro-00005156-htffxw3a.html
5179,oro-00005179-qmr9b4fk.html
5186,oro-00005186-zu4obaxu.html
5242,oro-00005242-iclibp2u.html
5249,oro-00005249-vabzsvcf.html
5257,oro-00005257-epjjomho.html
5271,oro-00005271-buhouowj.html
5279,oro-00005279-t1cndtfm.html
5302,oro-00005302-revvm2ky.html
5333,oro-00005333-iclfstdz.html
5334,oro-00005334-tp6ygk7h.html
5337,oro-00005337-7hqkamuc.html
5341,oro-00005341-grclmma9.html
5358,oro-00005358-nodwhbeq.html
5368,oro-00005368-enee0ntp.html
5393,oro-00005393-qcxlhixn.html
5407,oro-00005407-svd8i9qd.html
5415,oro-00005415-d4xlqvny.html
5419,oro-00005419-hqtwutyl.html
5426,oro-00005426-eatb8api.html
5430,oro-00005430-4h5milmw.html
5437,oro-00005437-vgw7bodm.html
5442,oro-00005442-89gin5yy.html
5450,oro-00005450-ipoux3rs.html
5451,oro-00005451-nkmmadet.html
5452,oro-00005452-mawcfsts.html
5458,oro-00005458-gnr6qfbk.html
5459,oro-00005459-4zkhqhri.html
5466,oro-00005466-dwbikset.html
5482,oro-00005482-rjdkoty9.html
5490,oro-00005490-0zqxu0nz.html
5498,oro-00005498-nnk6ixn0.html
5540,oro-00005540-9nqdsdcd.html
5544,oro-00005544-bylydsgx.html
5550,oro-00005550-scce91zk.html
5564,oro-00005564-kmw5nn9z.html
5586,oro-00005586-l8k2ztmp.html
5606,oro-00005606-lzqid5gt.html
5616,oro-00005616-w09wwuqt.html
5628,oro-00005628-qtltshhr.html
5644,oro-00005644-ywdblk7f.html
5656,oro-00005656-6siz6xvv.html
5679,oro-00005679-w8dk1xfa.html
5683,oro-00005683-5rbng2hs.html
5692,oro-00005692-wsambtek.html
5705,oro-00005705-fci0fhe4.html
5723,oro-00005723-l0yjqpgy.html
5731,oro-00005731-fb2u1hrt.html
5772,oro-00005772-7azrsd0b.html
5779,oro-00005779-ipb2narb.html
5791,oro-00005791-mgpes21g.html
5808,oro-00005808-0zh8dm0p.html
5813,oro-00005813-qpx07nd4.html
5815,oro-00005815-9el57ora.html
5823,oro-00005823-mywbwf4m.html
5824,oro-00005824-f4fpyek7.html
5832,oro-00005832-qnejjzw4.html
5841,oro-00005841-acav0j6a.html
5850,oro-00005850-uqbxlsvy.html
5862,oro-00005862-qqv4udip.html
5866,oro-00005866-9g4zbodm.html
5881,oro-00005881-ioqnb04q.html
5888,oro-00005888-kiagjckd.html
5906,oro-00005906-s8xvmzxv.html
5928,oro-00005928-yg7axett.html
5954,oro-00005954-cpytwl8q.html
5964,oro-00005964-rqqsi4iq.html
5971,oro-00005971-mkj9nvas.html
5974,oro-00005974-2bpekg2k.html
5981,oro-00005981-uch9jwvh.html
6012,oro-00006012-lfeqev20.html
6024,oro-00006024-4rmdtj1s.html
6026,oro-00006026-izsfydbd.html
6027,oro-00006027-qyydsemu.html
6046,oro-00006046-bv5u5m0x.html
6048,oro-00006048-pkctylmg.html
6050,oro-00006050-a3fihvsg.html
6062,oro-00006062-28gkuxdz.html
6064,oro-00006064-40alxfkd.html
6069,oro-00006069-m59y9zml.html
6081,oro-00006081-mwgxezto.html
6095,oro-00006095-qbcu91ga.html
6112,oro-00006112-w6e4jdqc.html
6121,oro-00006121-sn2hypvz.html
6123,oro-00006123-yoyxtgty.html
6132,oro-00006132-rrgmy6o7.html
6140,oro-00006140-0bhawsob.html
6154,oro-00006154-jorwlkrf.html
6161,oro-00006161-13vyy57l.html
6168,oro-00006168-uvooohq6.html
6171,oro-00006171-eepraxoq.html
6178,oro-00006178-zcxczeka.html
6191,oro-00006191-43wdlpkh.html
6193,oro-00006193-bxyqzq0y.html
6204,oro-00006204-2frgc0gt.html
6206,oro-00006206-68stei3g.html
6208,oro-00006208-mvfsrddc.html
6216,oro-00006216-qj2xjtdr.html
6236,oro-00006236-hxauzi0h.html
6238,oro-00006238-xes3ynwp.html
6240,oro-00006240-ccwypveq.html
6244,oro-00006244-fjlkhi8b.html
6266,oro-00006266-sculrony.html
6316,oro-00006316-ccgkvnwb.html
6323,oro-00006323-m4dxmtwc.html
6330,oro-00006330-lrakuzoj.html
6346,oro-00006346-nwk1ju8n.html
6349,oro-00006349-rlpwv33n.html
6389,oro-00006389-u6ukjfvc.html
6391,oro-00006391-bcnosbkd.html
6396,oro-00006396-srr2g2xh.html
6398,oro-00006398-4kzznt0j.html
6412,oro-00006412-ijuqqeaw.html
6449,oro-00006449-uefrj5nn.html
6457,oro-00006457-sjugbt87.html
6463,oro-00006463-xqg86ash.html
6468,oro-00006468-7ethpvqw.html
6478,oro-00006478-lw1qnryl.html
6479,oro-00006479-v65yin8d.html
6481,oro-00006481-swvyauds.html
6493,oro-00006493-wrjj0m0z.html
6503,oro-00006503-e9p786pq.html
6504,oro-00006504-vzy5rdd4.html
6512,oro-00006512-wuabek99.html
6527,oro-00006527-bkuv3azk.html
6541,oro-00006541-6l3c0nwc.html
6552,oro-00006552-trm7z280.html
6553,oro-00006553-xy2lgrfh.html
6559,oro-00006559-ngfnvb5s.html
6562,oro-00006562-4derhrc5.html
6571,oro-00006571-rdklophq.html
6572,oro-00006572-u4k1savc.html
6576,oro-00006576-fn1kjjwg.html
6595,oro-00006595-5nyjxiz9.html
6598,oro-00006598-umnutcrg.html
6613,oro-00006613-7ydtchhl.html
6672,oro-00006672-zjpjlgsz.html
6681,oro-00006681-1fm8rscv.html
6682,oro-00006682-tdpc49ov.html
6692,oro-00006692-fla3djeh.html
6698,oro-00006698-jplermi6.html
6730,oro-00006730-fohgjopj.html
6740,oro-00006740-eusujskc.html
6765,oro-00006765-c9aiqqtd.html
6786,oro-00006786-vddawwrd.html
6791,oro-00006791-h0skumgg.html
6804,oro-00006804-3s9uweox.html
6824,oro-00006824-oqcro8kb.html
6842,oro-00006842-v1gbmlja.html
6846,oro-00006846-wcsgmggd.html
6867,oro-00006867-usmm1m29.html
6872,oro-00006872-b3j8qmef.html
6880,oro-00006880-jft0uwcw.html
6884,oro-00006884-fc3efr6x.html
6893,oro-00006893-fzs9tt1l.html
6928,oro-00006928-wi77onrb.html
6936,oro-00006936-h9qvmklz.html
6937,oro-00006937-vgwqfeik.html
6941,oro-00006941-qjid5sbg.html
6961,oro-00006961-xzbye7tf.html
6986,oro-00006986-veuckz2b.html
6988,oro-00006988-fq2ppvdl.html
7001,oro-00007001-mgon9pdg.html
7007,oro-00007007-fmwpgoku.html
7012,oro-00007012-f2mess3d.html
7043,oro-00007043-1wqry13e.html
7051,oro-00007051-6mkfps48.html
7053,oro-00007053-piy9ggzz.html
7056,oro-00007056-fu7swgbs.html
7060,oro-00007060-e9vf4sfg.html
7086,oro-00007086-2ur5c0r3.html
7100,oro-00007100-qeeoz6ry.html
7102,oro-00007102-v9dikegn.html
7116,oro-00007116-1ei0qpif.html
7138,oro-00007138-txlamqh7.html
7140,oro-00007140-pmibrih0.html
7149,oro-00007149-plykok46.html
7152,oro-00007152-6kfwelau.html
7169,oro-00007169-wkeuwpc0.html
7178,oro-00007178-6tzpeka4.html
7187,oro-00007187-sflk4pkm.html
7191,oro-00007191-62lgqzu7.html
7193,oro-00007193-tbcckxyh.html
7196,oro-00007196-tmt7ebvj.html
7198,oro-00007198-ijvd3a4q.html
7199,oro-00007199-1g7yp0jf.html
7216,oro-00007216-gdhoali7.html
7218,oro-00007218-ozgc2c2q.html
7226,oro-00007226-5h9d0vw3.html
7236,oro-00007236-dexv55vm.html
7246,oro-00007246-rqybgwfc.html
7250,oro-00007250-fccd2b4w.html
7269,oro-00007269-p0bows8i.html
7291,oro-00007291-tzdaeu60.html
7300,oro-00007300-viyypj5d.html
7309,oro-00007309-mdhimxqx.html
7311,oro-00007311-kvc7shdx.html
7326,oro-00007326-ihb4xtkk.html
7349,oro-00007349-bcoakqbs.html
7359,oro-00007359-hyyk7bv1.html
7365,oro-00007365-zu3bfp9m.html
7375,oro-00007375-ugui6rh4.html
7376,oro-00007376-cv69kh9w.html
7387,oro-00007387-fz3mgaq8.html
7406,oro-00007406-dvqixonh.html
7417,oro-00007417-ysgfzwzp.html
7428,oro-00007428-s56dzdc4.html
7431,oro-00007431-kwhgnffp.html
7435,oro-00007435-s7vqr5qd.html
7446,oro-00007446-hrkd9jq5.html
7453,oro-00007453-adsouctk.html
7456,oro-00007456-k3ocv5mm.html
7461,oro-00007461-mie1f5le.html
7467,oro-00007467-i5fqpzur.html
7471,oro-00007471-8sy0ag1n.html
7476,oro-00007476-pcn9sfxl.html
7477,oro-00007477-dzncmmuh.html
7492,oro-00007492-fuqbdfbi.html
7503,oro-00007503-7g4sloxf.html
7507,oro-00007507-ni22fry5.html
7516,oro-00007516-3ozbq4jl.html
7533,oro-00007533-wwqylugo.html
7545,oro-00007545-wxh2qthg.html
7547,oro-00007547-dcnfyq6t.html
7557,oro-00007557-zj8yepxm.html
7577,oro-00007577-qv4qbe6o.html
7592,oro-00007592-zkevf1bl.html
7621,oro-00007621-dofzk41z.html
7633,oro-00007633-hfspe9o7.html
7651,oro-00007651-hiic3tud.html
7656,oro-00007656-hmf4ac45.html
7661,oro-00007661-vcafe48d.html
7668,oro-00007668-olacva6h.html
7674,oro-00007674-prhf5gfq.html
7679,oro-00007679-kzw0lupi.html
7684,oro-00007684-mqnysago.html
7715,oro-00007715-yhuvq8gc.html
7716,oro-00007716-jskjysm1.html
7748,oro-00007748-drze9asm.html
7791,oro-00007791-sca6pfcs.html
7821,oro-00007821-rdnbmnbr.html
7822,oro-00007822-op7jcy2a.html
7823,oro-00007823-enzlhw2y.html
7825,oro-00007825-wy0w9yet.html
7845,oro-00007845-yzt4gixi.html
7852,oro-00007852-rmlym4uj.html
7860,oro-00007860-u30ufqyl.html
7862,oro-00007862-ivuozbqn.html
7864,oro-00007864-c8kcdxvj.html
7877,oro-00007877-rslzz2gq.html
7890,oro-00007890-6tmgr5jz.html
7891,oro-00007891-9qucjc57.html
7894,oro-00007894-pugr2i5i.html
7897,oro-00007897-xpo5rq8j.html
7922,oro-00007922-s5o0gwe7.html
7923,oro-00007923-pmmbwam6.html
7943,oro-00007943-gbehqbkg.html
7955,oro-00007955-h6pmoze7.html
7957,oro-00007957-grt06zo0.html
7967,oro-00007967-mkxodqef.html
7973,oro-00007973-seyo4leh.html
7986,oro-00007986-yqqg0k5u.html
7992,oro-00007992-rplzcxlm.html
7993,oro-00007993-c8uuq1xp.html
7998,oro-00007998-ofl7fifu.html
7999,oro-00007999-wgjtrowx.html
8021,oro-00008021-wntdyuy3.html
8033,oro-00008033-nkh6stt0.html
8050,oro-00008050-gqop51sk.html
8066,oro-00008066-fpuyv3rj.html
8081,oro-00008081-1xlcc3ng.html
8085,oro-00008085-vykv7oxz.html
8105,oro-00008105-g8nfwcam.html
8113,oro-00008113-zzqgrnt6.html
8118,oro-00008118-r0c4bhux.html
8132,oro-00008132-0qrsrorj.html
8162,oro-00008162-q00m4kv0.html
8165,oro-00008165-rq3jgtzv.html
8166,oro-00008166-3ek4irav.html
8189,oro-00008189-gqrewfu8.html
8191,oro-00008191-mx3oqrd9.html
8195,oro-00008195-ex1k4gkw.html
8202,oro-00008202-ezbjsgrh.html
8203,oro-00008203-lrj9zkp6.html
8206,oro-00008206-il6ohgw8.html
8208,oro-00008208-zllv9dz1.html
8214,oro-00008214-o3ayg5ow.html
8228,oro-00008228-dsg3jnpy.html
8229,oro-00008229-imkbwa4q.html
8283,oro-00008283-msyhqjsj.html
8303,oro-00008303-sagawoec.html
8321,oro-00008321-a1w9z8qu.html
8372,oro-00008372-au2u6ocd.html
8391,oro-00008391-qnxspsq7.html
8412,oro-00008412-g1ezpt9y.html
8425,oro-00008425-ke4oenyz.html
8426,oro-00008426-laciktmw.html
8429,oro-00008429-ebe31ovi.html
8433,oro-00008433-cshjrodb.html
8437,oro-00008437-wfhvkr9e.html
8458,oro-00008458-strhq267.html
8460,oro-00008460-kdaw8bdv.html
8462,oro-00008462-vvnaqy10.html
8511,oro-00008511-caqe8eff.html
8514,oro-00008514-inpifgvt.html
8517,oro-00008517-iqsl8lfs.html
8518,oro-00008518-y7rqdoko.html
8523,oro-00008523-lr5wtr5j.html
8524,oro-00008524-cmpoa65i.html
8532,oro-00008532-q8jykbbv.html
8546,oro-00008546-mstznzrw.html
8547,oro-00008547-e7qh3td1.html
8548,oro-00008548-n29en5tk.html
8550,oro-00008550-glajag49.html
8552,oro-00008552-ljfpqs8k.html
8574,oro-00008574-rhheyco3.html
8575,oro-00008575-gtivbv1f.html
8590,oro-00008590-08q3xiqk.html
8629,oro-00008629-2cukepo5.html
8661,oro-00008661-nkmye7u3.html
8679,oro-00008679-qonnwni0.html
8685,oro-00008685-eznye7we.html
8701,oro-00008701-h8nt8bwp.html
8715,oro-00008715-dq3xepbp.html
8717,oro-00008717-m0wpwavb.html
8728,oro-00008728-x1jyrl02.html
8757,oro-00008757-swquw0ug.html
8770,oro-00008770-gjbxxkcq.html
8778,oro-00008778-0emhwjnc.html
8795,oro-00008795-hxxulfiy.html
8803,oro-00008803-cayuiaju.html
8818,oro-00008818-tflziisy.html
8832,oro-00008832-bebsdhts.html
8841,oro-00008841-z06recsk.html
8860,oro-00008860-u9okuxid.html
8866,oro-00008866-nhz1eei8.html
8886,oro-00008886-g6iefeys.html
8905,oro-00008905-khc0mntd.html
8921,oro-00008921-63mtbshw.html
8933,oro-00008933-jsqugjqh.html
8944,oro-00008944-0oh8omob.html
8950,oro-00008950-mrikejfk.html
8956,oro-00008956-cxclwrqn.html
8964,oro-00008964-wsqqdqz5.html
8979,oro-00008979-o5wtqzls.html
8980,oro-00008980-udika45y.html
9005,oro-00009005-svk7gftg.html
9011,oro-00009011-niblgzkd.html
9024,oro-00009024-ozrgt4kd.html
9028,oro-00009028-pj828pnv.html
9038,oro-00009038-ixphyv4u.html
9050,oro-00009050-ug4e8qz2.html
9064,oro-00009064-irgz5thq.html
9073,oro-00009073-irpujut4.html
9075,oro-00009075-snea0xgb.html
9080,oro-00009080-bvailofa.html
9086,oro-00009086-ddx1hxli.html
9100,oro-00009100-d2jkiy07.html
9121,oro-00009121-sa0hy6ud.html
9131,oro-00009131-vqp2ielf.html
9156,oro-00009156-4zcs4g4n.html
9164,oro-00009164-0od293ev.html
9171,oro-00009171-pv0u99oc.html
9177,oro-00009177-ghj5xbbj.html
9183,oro-00009183-orbrolnz.html
9185,oro-00009185-oxhlxdm5.html
9198,oro-00009198-jblfe6fa.html
9207,oro-00009207-utpmxttz.html
9213,oro-00009213-7mniv4ic.html
9227,oro-00009227-v8glt1um.html
9228,oro-00009228-2gijdqjl.html
9231,oro-00009231-obm6jlgs.html
9268,oro-00009268-pvhmtmah.html
9277,oro-00009277-0nx4nbda.html
9290,oro-00009290-b13ftb5b.html
9297,oro-00009297-izzpcyv5.html
9305,oro-00009305-tu42souc.html
9331,oro-00009331-q7jvwfts.html
9346,oro-00009346-hg2b8vbt.html
9350,oro-00009350-hzcfn6w4.html
9375,oro-00009375-iozidgk6.html
9378,oro-00009378-9nqo2cct.html
9382,oro-00009382-bw4x5v1r.html
9394,oro-00009394-vemujesx.html
9406,oro-00009406-vcffx6qp.html
9407,oro-00009407-r4fs244h.html
9409,oro-00009409-khjbey16.html
9427,oro-00009427-ddqxl9ws.html
9445,oro-00009445-bdfpp4fw.html
9471,oro-00009471-4i9j4cpf.html
9478,oro-00009478-uhcjx2ac.html
9494,oro-00009494-olnooako.html
9499,oro-00009499-0eldda54.html
9509,oro-00009509-jyhkcf2g.html
9519,oro-00009519-qtz9qauv.html
9530,oro-00009530-mvnc2vgz.html
9557,oro-00009557-a2aap7hg.html
9566,oro-00009566-kxprmote.html
9569,oro-00009569-qtwqlftp.html
9574,oro-00009574-xktrgqk0.html
9581,oro-00009581-vtqyxepa.html
9583,oro-00009583-hvlxb5tn.html
9593,oro-00009593-1b1p2d9p.html
9599,oro-00009599-hg54nkhy.html
9602,oro-00009602-yqdeleij.html
9625,oro-00009625-pwayhzwd.html
9639,oro-00009639-psecjbeh.html
9640,oro-00009640-c70oeg87.html
9648,oro-00009648-gpjt6m9q.html
9653,oro-00009653-z9fs44wj.html
9659,oro-00009659-g9ww5gqc.html
9670,oro-00009670-5r1elhqs.html
9678,oro-00009678-edhuwrv7.html
9691,oro-00009691-jdh2nkpm.html
9698,oro-00009698-2wf9izdj.html
9705,oro-00009705-yailmcbu.html
9711,oro-00009711-rcu2gxyt.html
9731,oro-00009731-ubmsq7r3.html
9739,oro-00009739-78nxhskk.html
9750,oro-00009750-vrpdfmm1.html
9761,oro-00009761-ldds6ild.html
9772,oro-00009772-dgrkeap4.html
9778,oro-00009778-hifcxurd.html
9822,oro-00009822-zyvt6y8g.html
9827,oro-00009827-tniko2hj.html
9840,oro-00009840-lafpsepk.html
9848,oro-00009848-cx8pt5hl.html
9859,oro-00009859-zxmcav7r.html
9869,oro-00009869-qvauhuat.html
9878,oro-00009878-04ntenpo.html
9884,oro-00009884-zcj6sh7i.html
9887,oro-00009887-stjtqnx8.html
9888,oro-00009888-wc4tvdhm.html
9928,oro-00009928-4i4dvvka.html
9937,oro-00009937-d8wqomun.html
9953,oro-00009953-t5emsrqp.html
9970,oro-00009970-8a40q2hp.html
9972,oro-00009972-1xhjpdft.html
9986,oro-00009986-ycu7xlam.html
9991,oro-00009991-knp5ygwv.html
9999,oro-00009999-lzulejdu.html
10005,oro-00010005-iy0yfzyb.html
10007,oro-00010007-t7hyzzck.html
10034,oro-00010034-esn4w7k2.html
10062,oro-00010062-d0aqvase.html
10068,oro-00010068-nrw57ehz.html
10078,oro-00010078-821ef64g.html
10086,oro-00010086-swkii8kv.html
10088,oro-00010088-xbynp7ml.html
10103,oro-00010103-ybn98xcw.html
10107,oro-00010107-spe498me.html
10123,oro-00010123-uaskqbg4.html
10130,oro-00010130-oglcyemg.html
10162,oro-00010162-shx5t82t.html
10174,oro-00010174-xp30pyim.html
10178,oro-00010178-jhcegjyz.html
10198,oro-00010198-vb1oixky.html
10199,oro-00010199-imt5gr2l.html
10201,oro-00010201-2avmouv3.html
10214,oro-00010214-2rb2riyz.html
10216,oro-00010216-eqt60jao.html
10239,oro-00010239-gdyfd55j.html
10262,oro-00010262-oyexnabl.html
10267,oro-00010267-koealjqh.html
10271,oro-00010271-orgy503q.html
10275,oro-00010275-myo6wauh.html
10276,oro-00010276-jkgk6cuf.html
10278,oro-00010278-uaf8ynoc.html
10284,oro-00010284-jm45xgph.html
10298,oro-00010298-xgycm06z.html
10304,oro-00010304-ulzszmec.html
10311,oro-00010311-p0obmes7.html
10312,oro-00010312-yumxiqg3.html
10319,oro-00010319-ugxz7oxi.html
10324,oro-00010324-niojik2v.html
10347,oro-00010347-t8oqk1sx.html
10373,oro-00010373-3wguivke.html
10396,oro-00010396-lctxw73o.html
10426,oro-00010426-h55ybhy9.html
10429,oro-00010429-w2dco5a8.html
10438,oro-00010438-cxtzg1bi.html
10439,oro-00010439-jkzbpdi4.html
10446,oro-00010446-tsc6uky3.html
10455,oro-00010455-ysxhtkg7.html
10472,oro-00010472-8sdmgrwv.html
10484,oro-00010484-k2x5v1um.html
10488,oro-00010488-9r0wi26a.html
10489,oro-00010489-uetvjfz7.html
10497,oro-00010497-ynixfpse.html
10498,oro-00010498-prpuz8yu.html
10509,oro-00010509-znij4elx.html
10527,oro-00010527-hlr2ih9a.html
10539,oro-00010539-ehlygm6n.html
10543,oro-00010543-fs02eapq.html
10549,oro-00010549-geytbwa8.html
10576,oro-00010576-cyz4q6xp.html
10600,oro-00010600-c5v9glto.html
10610,oro-00010610-bvagr18h.html
10611,oro-00010611-sgxbfcbi.html
10617,oro-00010617-u85qwopc.html
10626,oro-00010626-1tmt0syo.html
10640,oro-00010640-qefxdeob.html
10661,oro-00010661-bk7trzaq.html
10672,oro-00010672-ih8m42p2.html
10693,oro-00010693-wqzi4hxo.html
10701,oro-00010701-3suwit7h.html
10706,oro-00010706-zj0os08g.html
10712,oro-00010712-uxjp32ry.html
10724,oro-00010724-nhpul8t0.html
10733,oro-00010733-om8fm0a0.html
10741,oro-00010741-ztyjyxzm.html
10750,oro-00010750-0qlifooe.html
10758,oro-00010758-6jldyn1g.html
10762,oro-00010762-n6c2ztqx.html
10785,oro-00010785-b9lkepyq.html
10806,oro-00010806-rx6rylpg.html
10812,oro-00010812-mriaswex.html
10829,oro-00010829-kodm3jqw.html
10835,oro-00010835-t1gewsyt.html
10843,oro-00010843-whsplrjr.html
10855,oro-00010855-71keqzn9.html
10864,oro-00010864-tclspcyz.html
10869,oro-00010869-tdb8pwgu.html
10872,oro-00010872-z3sccs02.html
10878,oro-00010878-onr3j5rj.html
10881,oro-00010881-si5yk7bg.html
10882,oro-00010882-yjk2yzuv.html
10892,oro-00010892-edolxzhf.html
10922,oro-00010922-gv1c0l8y.html
10927,oro-00010927-o9xht7wq.html
10932,oro-00010932-woyxs1km.html
10947,oro-00010947-1dfzrppe.html
10958,oro-00010958-dw8wjos7.html
10986,oro-00010986-wsphty86.html
10996,oro-00010996-h6oardke.html
10999,oro-00010999-pm99mtu4.html
11006,oro-00011006-xwbjgczu.html
11019,oro-00011019-ozsavb8o.html
11027,oro-00011027-het49ovm.html
11064,oro-00011064-gyxncbfj.html
11113,oro-00011113-ar7qjczw.html
11114,oro-00011114-j4td6dxn.html
11116,oro-00011116-sulhgorp.html
11122,oro-00011122-7othpvdv.html
11147,oro-00011147-prmn9so7.html
11153,oro-00011153-mjjjmazc.html
11175,oro-00011175-rpjincfl.html
11177,oro-00011177-ricfw1p1.html
11191,oro-00011191-fhyhf5jq.html
11204,oro-00011204-bcf3hx4j.html
11224,oro-00011224-r0xdw6va.html
11229,oro-00011229-dreaemtk.html
11233,oro-00011233-wgmv8nxj.html
11244,oro-00011244-jc98lb8q.html
11260,oro-00011260-l6brclpc.html
11272,oro-00011272-zi2nwhwg.html
11274,oro-00011274-a27gnr2x.html
11308,oro-00011308-6rofgm7m.html
11310,oro-00011310-qc5hmlcb.html
11316,oro-00011316-44lvkhx5.html
11332,oro-00011332-sz8bctav.html
11341,oro-00011341-cqrzjc3t.html
11357,oro-00011357-zw5raqww.html
11360,oro-00011360-hkmzbelm.html
11390,oro-00011390-jxgjj1zq.html
11391,oro-00011391-2uornflh.html
11409,oro-00011409-acflcqkh.html
11431,oro-00011431-dzd10xjm.html
11436,oro-00011436-e528ws7w.html
11441,oro-00011441-c6h1bidn.html
11445,oro-00011445-4uj6u2fz.html
11453,oro-00011453-ej6txdmb.html
11476,oro-00011476-pk7gdikb.html
11479,oro-00011479-fntilo6p.html
11504,oro-00011504-hb3kv0pq.html
11513,oro-00011513-ct40hofw.html
11546,oro-00011546-c3pi1e46.html
11562,oro-00011562-ptvpr1zi.html
11577,oro-00011577-ilc7j1fs.html
11591,oro-00011591-ruu86vwe.html
11595,oro-00011595-6nqkvcxk.html
11607,oro-00011607-w5gjeh6f.html
11620,oro-00011620-vzdwthtv.html
11624,oro-00011624-sl5cw2aa.html
11630,oro-00011630-wwmh87rn.html
11654,oro-00011654-ulneagzy.html
11656,oro-00011656-cemi4tic.html
11666,oro-00011666-g69ofodm.html
11670,oro-00011670-ivmy37v1.html
11683,oro-00011683-wsq6d7bl.html
11684,oro-00011684-nhc9ddsl.html
11718,oro-00011718-gx4szw3c.html
11730,oro-00011730-ye3irkrd.html
11754,oro-00011754-vwfonpoo.html
11764,oro-00011764-ecv5gnfi.html
11775,oro-00011775-kllk1of3.html
11787,oro-00011787-o0iqdjq4.html
11806,oro-00011806-oniw7cuj.html
11809,oro-00011809-f5h2uhxl.html
11824,oro-00011824-txnjcpzt.html
11870,oro-00011870-vo2dcsc2.html
11891,oro-00011891-ricvn2go.html
11906,oro-00011906-uomfw40w.html
11908,oro-00011908-v8hbdrzr.html
11921,oro-00011921-7zwroifw.html
11924,oro-00011924-qxmkpv11.html
11926,oro-00011926-1g4c3gfi.html
11928,oro-00011928-ack5drax.html
11973,oro-00011973-3gl8zz3v.html
11995,oro-00011995-wvbpjnvr.html
11999,oro-00011999-4bsyu1l3.html
12010,oro-00012010-8graebr2.html
12015,oro-00012015-cra6hqhl.html
12020,oro-00012020-iexhv7bu.html
12023,oro-00012023-9si8kxfh.html
12056,oro-00012056-qe5dwfzm.html
12094,oro-00012094-u57mv0hw.html
12114,oro-00012114-aziv8ek4.html
12115,oro-00012115-430dtfa2.html
12127,oro-00012127-kupsxcak.html
12147,oro-00012147-aihpxoxx.html
12214,oro-00012214-aot9hmb3.html
12230,oro-00012230-qvdayojw.html
12233,oro-00012233-hkvwnqc6.html
12237,oro-00012237-oehjmkqj.html
12259,oro-00012259-i5mpm0wf.html
12285,oro-00012285-sdwwrxvm.html
12294,oro-00012294-9d2xongw.html
12295,oro-00012295-qu6wrboe.html
12299,oro-00012299-gaztsmvu.html
12300,oro-00012300-i2fdi0bv.html
12309,oro-00012309-2vbtgki1.html
12321,oro-00012321-9drtrvxb.html
12327,oro-00012327-8l4kjlpb.html
12335,oro-00012335-gqn0yrc5.html
12341,oro-00012341-kta36tea.html
12379,oro-00012379-xnoljiah.html
12398,oro-00012398-l4gjaomd.html
12403,oro-00012403-kepwh1pi.html
12405,oro-00012405-6aruc94r.html
12422,oro-00012422-wokhccz1.html
12424,oro-00012424-qh5u3mqa.html
12436,oro-00012436-jimvg74w.html
12440,oro-00012440-oog9k8qn.html
12443,oro-00012443-4vxlv5n2.html
12449,oro-00012449-5xgazbnk.html
12450,oro-00012450-6zjbrzvw.html
12451,oro-00012451-wkmuhhqj.html
12466,oro-00012466-v54inzgv.html
12471,oro-00012471-l21fumha.html
12475,oro-00012475-kz3h2sdg.html
12477,oro-00012477-9qztdodk.html
12498,oro-00012498-fueghamd.html
12501,oro-00012501-w1j96447.html
12505,oro-00012505-ykocpxio.html
12528,oro-00012528-bniossol.html
12530,oro-00012530-yxyx06sa.html
12533,oro-00012533-tue9rdht.html
12548,oro-00012548-stgdldgu.html
12562,oro-00012562-3yrnxn8i.html
12563,oro-00012563-y5bi9p49.html
12576,oro-00012576-8l5ceftl.html
12591,oro-00012591-bgiqhs4e.html
12623,oro-00012623-wmzihmuj.html
12625,oro-00012625-bvn47qvt.html
12635,oro-00012635-2nn6b38k.html
12677,oro-00012677-nnvwb1kx.html
12695,oro-00012695-5c8bqgq7.html
12732,oro-00012732-fmlzt02i.html
12735,oro-00012735-pm1aawo7.html
12744,oro-00012744-gr9ficme.html
12752,oro-00012752-a5pd5ebo.html
12755,oro-00012755-8tbzklv3.html
12756,oro-00012756-wvcbljio.html
12774,oro-00012774-8uq9ovl3.html
12797,oro-00012797-tlu8zojx.html
12800,oro-00012800-ejdup9cq.html
12828,oro-00012828-qyoxnvod.html
12840,oro-00012840-6fsyjtc1.html
12851,oro-00012851-div5pj2b.html
12876,oro-00012876-hggopfgv.html
12886,oro-00012886-to8aktb5.html
12904,oro-00012904-ystp6jhi.html
12905,oro-00012905-hlhzwk7n.html
12907,oro-00012907-pjvurfmb.html
12927,oro-00012927-qknfkktt.html
12945,oro-00012945-chkincap.html
12954,oro-00012954-q37of0rk.html
12961,oro-00012961-qrczgjkt.html
12973,oro-00012973-ipnnlwx5.html
12991,oro-00012991-ttoq5yoh.html
12993,oro-00012993-jxx9eq7a.html
12995,oro-00012995-s1elpcej.html
13002,oro-00013002-eunmzimr.html
13008,oro-00013008-euogmjgw.html
13026,oro-00013026-5d5kzlde.html
13068,oro-00013068-im7s2tjs.html
13096,oro-00013096-r3ybhpuc.html
13101,oro-00013101-0whzlqbj.html
13102,oro-00013102-aclpvqqw.html
13107,oro-00013107-0fhvsbbp.html
13108,oro-00013108-ityj0bdk.html
13118,oro-00013118-yps8zlxx.html
13124,oro-00013124-xorkfgw9.html
13135,oro-00013135-gkbtknvy.html
13153,oro-00013153-5cdblezo.html
13172,oro-00013172-v7laia4f.html
13225,oro-00013225-8enjcors.html
13229,oro-00013229-iix8aq5l.html
13230,oro-00013230-fdwt5zkp.html
13234,oro-00013234-kchyqheb.html
13265,oro-00013265-dzyissaf.html
13266,oro-00013266-7gcddvf4.html
13278,oro-00013278-0km2snd7.html
13323,oro-00013323-ltzp5e7d.html
13329,oro-00013329-7j0g3y9l.html
13331,oro-00013331-oc2eagz7.html
13349,oro-00013349-2rgyu0kf.html
13357,oro-00013357-9legftky.html
13358,oro-00013358-ixrkawpn.html
13374,oro-00013374-3fodhunv.html
13386,oro-00013386-oc4dbriw.html
13399,oro-00013399-dlkjjzmv.html
13403,oro-00013403-xdk8nyu5.html
13433,oro-00013433-pmjkp9qk.html
13434,oro-00013434-chrdstu4.html
13438,oro-00013438-dxvudwwm.html
13478,oro-00013478-tktpbetz.html
13480,oro-00013480-nr16hg9s.html
13493,oro-00013493-vvzssmhc.html
13515,oro-00013515-bo6qbbaz.html
13527,oro-00013527-we8zwcfe.html
13531,oro-00013531-guwmrykv.html
13546,oro-00013546-rdfer4rm.html
13550,oro-00013550-uwbuzibs.html
13574,oro-00013574-e14amume.html
13575,oro-00013575-rj4qkf4e.html
13595,oro-00013595-pqvntt31.html
13610,oro-00013610-7cisfs6f.html
13617,oro-00013617-zpohfzpm.html
13625,oro-00013625-h2lj2a8a.html
13629,oro-00013629-qi8xq7su.html
13638,oro-00013638-cdjhwztd.html
13667,oro-00013667-l72eafic.html
13668,oro-00013668-ygatorsi.html
13669,oro-00013669-ya3kcsar.html
13703,oro-00013703-cwnmf3gw.html
13750,oro-00013750-z7p551tu.html
13756,oro-00013756-jnasqesn.html
13761,oro-00013761-o8hgz1xt.html
13763,oro-00013763-mecz9ozb.html
13764,oro-00013764-1sgvqgks.html
13769,oro-00013769-ymdoj4nn.html
13790,oro-00013790-aaccbte2.html
13793,oro-00013793-4jhhgah8.html
13815,oro-00013815-ptc24ub6.html
13822,oro-00013822-xmkqlprf.html
13843,oro-00013843-qut0fgsa.html
13844,oro-00013844-yi27yyty.html
13845,oro-00013845-9zahct6a.html
13846,oro-00013846-k5gbzepw.html
13868,oro-00013868-wpwo56q1.html
13872,oro-00013872-2wexkahf.html
13898,oro-00013898-xsma9ish.html
13910,oro-00013910-ljbimccv.html
13914,oro-00013914-2dqrcnba.html
13926,oro-00013926-d0a0xyib.html
13928,oro-00013928-tmmrecmy.html
13942,oro-00013942-t6jkezpv.html
13952,oro-00013952-bwozech4.html
13954,oro-00013954-jvpnvwtr.html
13959,oro-00013959-ikyv4vgm.html
13960,oro-00013960-ue19d6qd.html
13980,oro-00013980-6fudosto.html
13988,oro-00013988-wkpyjdx9.html
13992,oro-00013992-pujxjwgv.html
13997,oro-00013997-oomxvqut.html
14013,oro-00014013-zg3l3cer.html
14028,oro-00014028-bogymxy7.html
14090,oro-00014090-udbbnqtc.html
14096,oro-00014096-5czpvl2n.html
14104,oro-00014104-cb6obhvq.html
14113,oro-00014113-dxyg1wah.html
14114,oro-00014114-y3t6bc42.html
14131,oro-00014131-cqtzjuug.html
14145,oro-00014145-yqhyzjet.html
14150,oro-00014150-0noiwsd7.html
14167,oro-00014167-vyc3bbjd.html
14170,oro-00014170-ya4wexck.html
14186,oro-00014186-d6vzyp52.html
14199,oro-00014199-nohu6yzv.html
14202,oro-00014202-vzxhegqq.html
14208,oro-00014208-xboty8e4.html
14214,oro-00014214-vibp3ybt.html
14225,oro-00014225-r16jz3t7.html
14235,oro-00014235-vnc1a2j0.html
14242,oro-00014242-t6hchlwq.html
14257,oro-00014257-s213cfhk.html
14260,oro-00014260-nbycrle4.html
14266,oro-00014266-j9htkswy.html
14270,oro-00014270-fnwfailp.html
14288,oro-00014288-6t1hg2ye.html
14291,oro-00014291-baccnxks.html
14300,oro-00014300-guismtah.html
14307,oro-00014307-zwd35hyd.html
14309,oro-00014309-dybkhuvf.html
14318,oro-00014318-9dkzca8b.html
14353,oro-00014353-ho4nnyik.html
14361,oro-00014361-pbwf3mhg.html
14391,oro-00014391-ft2upplo.html
14399,oro-00014399-gva4a0nz.html
14402,oro-00014402-kwdn69re.html
14410,oro-00014410-dyzkifem.html
14412,oro-00014412-0cfx0rno.html
14414,oro-00014414-dvzy2u5t.html
14418,oro-00014418-k1ovci8e.html
14424,oro-00014424-zcggzcra.html
14425,oro-00014425-uymtkzc1.html
14439,oro-00014439-vamx7rsa.html
14454,oro-00014454-xobczwso.html
14463,oro-00014463-w0w78rwt.html
14466,oro-00014466-uzsxjyke.html
14480,oro-00014480-niswctes.html
14494,oro-00014494-meqmypfg.html
14503,oro-00014503-ltlmnyzm.html
14504,oro-00014504-bpgy1fve.html
14514,oro-00014514-ms2le4t6.html
14542,oro-00014542-sudtw9gy.html
14547,oro-00014547-idluzwvl.html
14549,oro-00014549-bkuttj6l.html
14558,oro-00014558-hxevhs3j.html
14564,oro-00014564-fiwfebxu.html
14572,oro-00014572-dd8xzw3w.html
14582,oro-00014582-ckpiv4mw.html
14585,oro-00014585-olavalpb.html
14610,oro-00014610-ceguzk0z.html
14624,oro-00014624-lseuxegt.html
14635,oro-00014635-iljdtj4e.html
14637,oro-00014637-pm4cfdyi.html
14638,oro-00014638-visgn4vf.html
14651,oro-00014651-dyhcllhx.html
14663,oro-00014663-vfgjrkch.html
14671,oro-00014671-ig5rch5y.html
14686,oro-00014686-n1obbqhi.html
14691,oro-00014691-f0bqnsfd.html
14696,oro-00014696-driwhiei.html
14698,oro-00014698-q8oop0zk.html
14704,oro-00014704-eodz2i4l.html
14711,oro-00014711-grsmpyxi.html
14719,oro-00014719-lamjijpq.html
14720,oro-00014720-n8yhojum.html
14725,oro-00014725-b6cda7jx.html
14729,oro-00014729-xe1gtr92.html
14763,oro-00014763-a5rlbphj.html
14776,oro-00014776-mobtsldn.html
14786,oro-00014786-czvyxcid.html
14794,oro-00014794-tj0m4mdb.html
14801,oro-00014801-hxrzlat4.html
14829,oro-00014829-1sarfgqz.html
14839,oro-00014839-krgqe2g4.html
14876,oro-00014876-he80xaca.html
14882,oro-00014882-hniqynkn.html
14891,oro-00014891-mr9lwzga.html
14893,oro-00014893-rehtujwn.html
14917,oro-00014917-vgig4w0y.html
14945,oro-00014945-fpkgcoby.html
14951,oro-00014951-jkgav8hg.html
15010,oro-00015010-yvvgfpfh.html
15015,oro-00015015-lsjt5age.html
15028,oro-00015028-btb2ov1z.html
15049,oro-00015049-p9taqggg.html
15071,oro-00015071-n8fjsn0c.html
15076,oro-00015076-ixia4a2o.html
15090,oro-00015090-fp47vfsd.html
15095,oro-00015095-nsaw2nes.html
15108,oro-00015108-ebfvlkka.html
15111,oro-00015111-iem0yovf.html
15120,oro-00015120-ufpam4f0.html
15140,oro-00015140-wksoerkx.html
15144,oro-00015144-hb5mojps.html
15149,oro-00015149-cqs2oobl.html
15162,oro-00015162-hwcnquqs.html
15171,oro-00015171-fvoh1tbv.html
15178,oro-00015178-pz8wipxe.html
15209,oro-00015209-xaayescn.html
15226,oro-00015226-hhmo7woz.html
15229,oro-00015229-p4b0p8nq.html
15232,oro-00015232-pxjmkz9z.html
15240,oro-00015240-djlyey8x.html
15248,oro-00015248-qdgzs7zg.html
15258,oro-00015258-iw1ehqxe.html
15275,oro-00015275-rzg5ibib.html
15301,oro-00015301-or08w7m2.html
15310,oro-00015310-fskt4ugk.html
15322,oro-00015322-gcgcnoxe.html
15323,oro-00015323-vo3syjrj.html
15349,oro-00015349-tuzh7i73.html
15354,oro-00015354-wemnrf9i.html
15370,oro-00015370-ljkla3q4.html
15376,oro-00015376-vyyct8m5.html
15385,oro-00015385-blsqnwyv.html
15392,oro-00015392-jhk6gdgn.html
15398,oro-00015398-lhyn3k3l.html
15404,oro-00015404-t88veywk.html
15405,oro-00015405-jxb5o06e.html
15425,oro-00015425-yt1dz0ag.html
15442,oro-00015442-gvoj7cmi.html
15457,oro-00015457-jokvohzi.html
15460,oro-00015460-cjlr5glv.html
15470,oro-00015470-3ikymcfx.html
15477,oro-00015477-1oxu96c7.html
15493,oro-00015493-5rng3qjn.html
15501,oro-00015501-els1c4t5.html
15524,oro-00015524-ip5hodaz.html
15530,oro-00015530-uv7ibc6n.html
15537,oro-00015537-osg6iajo.html
15539,oro-00015539-y0drrhdi.html
15544,oro-00015544-b8fxuhtq.html
15546,oro-00015546-eboc8cfz.html
15556,oro-00015556-3g4wvuvv.html
15578,oro-00015578-tagou3qd.html
15596,oro-00015596-yhk9iaj3.html
15604,oro-00015604-z7crtk7g.html
15639,oro-00015639-vqhwtejs.html
15649,oro-00015649-q8tiogjv.html
15651,oro-00015651-a2vcvsjt.html
15660,oro-00015660-q9pte1d3.html
15671,oro-00015671-hnamnpod.html
15680,oro-00015680-ufky0bnu.html
15716,oro-00015716-ylg4t59j.html
15717,oro-00015717-g0thm12m.html
15745,oro-00015745-9o0sdbve.html
15749,oro-00015749-73obuuqy.html
15778,oro-00015778-yclpjbu4.html
15781,oro-00015781-sumgrejg.html
15782,oro-00015782-vqcsjoni.html
15787,oro-00015787-i0wgum5c.html
15788,oro-00015788-2lrlaagd.html
15821,oro-00015821-mosvcqqu.html
15828,oro-00015828-measkgnj.html
15832,oro-00015832-gy2si5pj.html
15860,oro-00015860-8o2guwxg.html
15870,oro-00015870-l3ks8dut.html
15898,oro-00015898-p5gtp2d5.html
15901,oro-00015901-nqqvqdsj.html
15902,oro-00015902-w89gr22i.html
15908,oro-00015908-7a0lonh6.html
15912,oro-00015912-0wti4pz1.html
15918,oro-00015918-wer7kggl.html
15945,oro-00015945-zzb4flhf.html
15949,oro-00015949-qkxndhlr.html
15950,oro-00015950-gkqmqbck.html
15953,oro-00015953-ulewea6c.html
15966,oro-00015966-zscwmhiy.html
15980,oro-00015980-6vzul9s2.html
15983,oro-00015983-hsfzzv4g.html
15996,oro-00015996-dusekjgc.html
16002,oro-00016002-yxyzl2im.html
16006,oro-00016006-vyf4vtax.html
16011,oro-00016011-kungqry9.html
16024,oro-00016024-8ihpr84d.html
16041,oro-00016041-yyqkwzts.html
16060,oro-00016060-yxtroxgb.html
16067,oro-00016067-jaoimsms.html
16071,oro-00016071-77urkzhq.html
16091,oro-00016091-anzt6vgg.html
16094,oro-00016094-8ksjtjrl.html
16111,oro-00016111-cc4cyp7l.html
16115,oro-00016115-lgff39mn.html
16118,oro-00016118-oywbstbd.html
16122,oro-00016122-ovltj4wo.html
16132,oro-00016132-1ir14uex.html
16143,oro-00016143-byfsjmuq.html
16155,oro-00016155-wyfry2zu.html
16156,oro-00016156-ys77otkh.html
16161,oro-00016161-q8zulv7t.html
16165,oro-00016165-jtyzecmx.html
16170,oro-00016170-rramepku.html
16171,oro-00016171-g1cyr22l.html
16184,oro-00016184-yqadsumh.html
16204,oro-00016204-as09djjl.html
16238,oro-00016238-joxv9rwt.html
16251,oro-00016251-2ysp5nlr.html
16252,oro-00016252-bot2gxei.html
16272,oro-00016272-onc9i9ck.html
16279,oro-00016279-inphgzyr.html
16286,oro-00016286-d7mhe2v5.html
16293,oro-00016293-cdzbarsz.html
16324,oro-00016324-0vfh8ygw.html
16325,oro-00016325-hmn35dtk.html
16337,oro-00016337-yjxvrhsk.html
16339,oro-00016339-duzlxwm5.html
16352,oro-00016352-vgwp03m9.html
16359,oro-00016359-brrg0pck.html
16378,oro-00016378-5ii77hst.html
16394,oro-00016394-h4gbnld1.html
16402,oro-00016402-eqwmkyhf.html
16412,oro-00016412-umgiyhnb.html
16415,oro-00016415-1iphkudy.html
16426,oro-00016426-q29ootxq.html
16436,oro-00016436-azqckfnb.html
16440,oro-00016440-4f1kbvv6.html
16448,oro-00016448-gldsdlrh.html
16455,oro-00016455-w6rbk9gb.html
16496,oro-00016496-ashk8f56.html
16514,oro-00016514-wldftshp.html
16518,oro-00016518-c4ve8jyo.html
16526,oro-00016526-eegm9gdj.html
16529,oro-00016529-olnnnqny.html
16552,oro-00016552-ihmobzc6.html
16556,oro-00016556-xiabhzuk.html
16573,oro-00016573-a3nlsac6.html
16599,oro-00016599-fuhv5hdl.html
16604,oro-00016604-bph6d8un.html
16624,oro-00016624-uaxl7ucm.html
16629,oro-00016629-bnqgsqjr.html
16652,oro-00016652-vym0vniw.html
16664,oro-00016664-0brfmzc0.html
16670,oro-00016670-dcevu1cl.html
16687,oro-00016687-q4xcjrqp.html
16699,oro-00016699-ji1qr4cg.html
16724,oro-00016724-uscg99cp.html
16740,oro-00016740-yavn2xec.html
16752,oro-00016752-kpryvpur.html
16781,oro-00016781-b4quv1td.html
16794,oro-00016794-q4aj05xp.html
16799,oro-00016799-feqnyjwm.html
16804,oro-00016804-dagvclwt.html
16827,oro-00016827-e1gwro1q.html
16885,oro-00016885-vngp2zym.html
16895,oro-00016895-9fyxenuc.html
16905,oro-00016905-g49lk5xv.html
16908,oro-00016908-hf34swjs.html
16909,oro-00016909-yrdzn5oj.html
16918,oro-00016918-x5hun7im.html
16926,oro-00016926-in7rdnmj.html
16931,oro-00016931-zypw6gzr.html
16938,oro-00016938-v2mv3ldo.html
16962,oro-00016962-wj7rajuo.html
16984,oro-00016984-m8jnfhtb.html
16985,oro-00016985-1pxjratv.html
17018,oro-00017018-zsvfquic.html
17025,oro-00017025-3o8gdozy.html
17034,oro-00017034-ibtjfu3d.html
17053,oro-00017053-fpbqbiv5.html
17060,oro-00017060-24u6gkjk.html
17080,oro-00017080-vbcjqyvv.html
17086,oro-00017086-t539giux.html
17096,oro-00017096-mkr5xckk.html
17102,oro-00017102-xae4kprl.html
17106,oro-00017106-zcpcmx3i.html
17109,oro-00017109-vrenajgk.html
17119,oro-00017119-vx8sqf9t.html
17132,oro-00017132-hwcqtzpj.html
17138,oro-00017138-8sxd7wos.html
17159,oro-00017159-lfjadmz8.html
17171,oro-00017171-0hsqti2f.html
17200,oro-00017200-jox8k70g.html
17213,oro-00017213-fufqet72.html
17221,oro-00017221-ksmria1m.html
17245,oro-00017245-tzarofi8.html
17247,oro-00017247-gkgcfgyq.html
17259,oro-00017259-mwmkg4vu.html
17265,oro-00017265-zkslwvqb.html
17280,oro-00017280-9prlxvjd.html
17290,oro-00017290-j5vpkooe.html
17294,oro-00017294-4pyhran6.html
17308,oro-00017308-miqguswa.html
17318,oro-00017318-itrfrlnj.html
17350,oro-00017350-yhf7btie.html
17352,oro-00017352-uyd0i1qt.html
17353,oro-00017353-ikrlxwnl.html
17383,oro-00017383-ez4hmnu1.html
17407,oro-00017407-impqofln.html
17414,oro-00017414-mwmxglff.html
17418,oro-00017418-yzjc7sdl.html
17446,oro-00017446-nxrnepe1.html
17458,oro-00017458-bw5x767x.html
17462,oro-00017462-gsr2wmbg.html
17469,oro-00017469-qcvhm5cn.html
17482,oro-00017482-r5w9svtf.html
17492,oro-00017492-ut7rwvag.html
17521,oro-00017521-86emtlxv.html
17531,oro-00017531-xametw3f.html
17537,oro-00017537-dtmvsgbh.html
17550,oro-00017550-bvfoa7d5.html
17564,oro-00017564-ndtozkyu.html
17567,oro-00017567-fq15yo7o.html
17584,oro-00017584-5fyppzon.html
17585,oro-00017585-9wamfbd5.html
17588,oro-00017588-s3g8fpv6.html
17594,oro-00017594-5jcucgaw.html
17599,oro-00017599-qrczdfmh.html
17602,oro-00017602-riqmvubf.html
17611,oro-00017611-cynptjdt.html
17629,oro-00017629-qr8dvxac.html
17666,oro-00017666-glxf4bff.html
17674,oro-00017674-u7wmaili.html
17688,oro-00017688-uhjj9zoy.html
17696,oro-00017696-flfl5k4r.html
17707,oro-00017707-i2umyfwz.html
17715,oro-00017715-wojjavwt.html
17751,oro-00017751-bygmhst2.html
17756,oro-00017756-4mp4pi0m.html
17762,oro-00017762-bhc9khbq.html
17768,oro-00017768-ssd7oduf.html
17788,oro-00017788-gpjhstcu.html
17797,oro-00017797-ussjzdct.html
17807,oro-00017807-tbj5ni2s.html
17852,oro-00017852-8uswryea.html
17858,oro-00017858-mjiaimoj.html
17861,oro-00017861-c1v3eve5.html
17888,oro-00017888-1ctu1p9r.html
17909,oro-00017909-tk9jakgo.html
17924,oro-00017924-zo8gm2rv.html
17933,oro-00017933-d196mv74.html
17939,oro-00017939-efu6za2d.html
17940,oro-00017940-e8n8rk7z.html
17941,oro-00017941-dswdagj7.html
17946,oro-00017946-owtbgedh.html
17951,oro-00017951-jqyylvqw.html
17985,oro-00017985-dbyu7g87.html
18008,oro-00018008-cnlfnkge.html
18009,oro-00018009-9dotck1g.html
18047,oro-00018047-olyfvyhi.html
18055,oro-00018055-4pgph25q.html
18093,oro-00018093-bti5hest.html
18099,oro-00018099-zd9xcws6.html
18120,oro-00018120-umouljhy.html
18128,oro-00018128-golgmrt7.html
18136,oro-00018136-askgiuja.html
18141,oro-00018141-qcri4k2t.html
18155,oro-00018155-j9m8u2nb.html
18163,oro-00018163-a0mlp2pw.html
18180,oro-00018180-nr0ca7cq.html
18182,oro-00018182-xlm5scip.html
18194,oro-00018194-sx62s26d.html
18203,oro-00018203-p0al4166.html
18207,oro-00018207-67qeyj7v.html
18221,oro-00018221-308wfm9l.html
18239,oro-00018239-liodzmjv.html
18258,oro-00018258-zagbi0ov.html
18269,oro-00018269-zbn91w8u.html
18274,oro-00018274-hadqyy6c.html
18290,oro-00018290-g5xzdhe4.html
18305,oro-00018305-1nibt7aq.html
18315,oro-00018315-hcbdezti.html
18337,oro-00018337-bdm477mi.html
18345,oro-00018345-yx7azokp.html
18367,oro-00018367-vgtoc306.html
18394,oro-00018394-y0mekbho.html
18401,oro-00018401-azpdydh4.html
18407,oro-00018407-lgvusye2.html
18408,oro-00018408-zzkl5uef.html
18422,oro-00018422-vt2fyyjg.html
18429,oro-00018429-azhl1gif.html
18440,oro-00018440-fws6jkc8.html
18460,oro-00018460-pssicfej.html
18472,oro-00018472-vh28n7gq.html
18477,oro-00018477-i5hetvb1.html
18488,oro-00018488-qiuwhpgz.html
18547,oro-00018547-saaya2db.html
18551,oro-00018551-xlqjtxxw.html
18558,oro-00018558-ib7bvbnk.html
18570,oro-00018570-rcffcb5a.html
18581,oro-00018581-9xwuxwaf.html
18582,oro-00018582-tf8mczvm.html
18616,oro-00018616-vgouxtwg.html
18624,oro-00018624-lebcupjv.html
18626,oro-00018626-nkjtsceb.html
18644,oro-00018644-hre50g2k.html
18646,oro-00018646-csaohbij.html
18647,oro-00018647-7ozi4dsd.html
18693,oro-00018693-gasauozl.html
18701,oro-00018701-yanulpkm.html
18709,oro-00018709-33vov8k4.html
18723,oro-00018723-b5kta191.html
18726,oro-00018726-xtlt56bh.html
18727,oro-00018727-wtdpuj9p.html
18731,oro-00018731-nythofwq.html
18740,oro-00018740-httzn6fu.html
18761,oro-00018761-pdrd2vnz.html
18765,oro-00018765-j6solfoo.html
18774,oro-00018774-gkbgyb7i.html
18788,oro-00018788-sbva4dnf.html
18793,oro-00018793-mk7wahus.html
18811,oro-00018811-feewbelj.html
18836,oro-00018836-wfwuj2th.html
18858,oro-00018858-pid3lkia.html
18861,oro-00018861-vgvatrjt.html
18867,oro-00018867-xb524q2w.html
18870,oro-00018870-wbyfdtqb.html
18877,oro-00018877-xhmsanuy.html
18881,oro-00018881-1ov3tqaz.html
18888,oro-00018888-vhivi9qz.html
18894,oro-00018894-1b54rz0e.html
18900,oro-00018900-gievlksq.html
18901,oro-00018901-rvhwgmk5.html
18907,oro-00018907-vapilj0g.html
18910,oro-00018910-yri2qf9e.html
18912,oro-00018912-vjr7kcwf.html
18934,oro-00018934-w3iylblq.html
18941,oro-00018941-wzx8u7ku.html
18947,oro-00018947-prwmw9po.html
18959,oro-00018959-o3zg5alr.html
18975,oro-00018975-wyv4xjoy.html
18978,oro-00018978-1yixxrmi.html
18988,oro-00018988-uax9gtlh.html
19004,oro-00019004-evmjxnsv.html
19006,oro-00019006-1ndguvaa.html
19014,oro-00019014-kfzd1f9u.html
19020,oro-00019020-ymlcmlpb.html
19023,oro-00019023-z3qnrdxr.html
19030,oro-00019030-l1qyh93z.html
19055,oro-00019055-sfxnhxvl.html
19069,oro-00019069-glhxynex.html
19080,oro-00019080-fgnhjjpn.html
19081,oro-00019081-1noeyawn.html
19088,oro-00019088-7mq0uqxo.html
19090,oro-00019090-emg8drza.html
19091,oro-00019091-muwbyags.html
19100,oro-00019100-dxpztd4u.html
19102,oro-00019102-zchmlaaq.html
19119,oro-00019119-3ppp0zus.html
19126,oro-00019126-9zwc6lbz.html
19137,oro-00019137-a372dfjx.html
19140,oro-00019140-zalf40a4.html
19160,oro-00019160-tl5t2hmw.html
19172,oro-00019172-jhtg0s3j.html
19177,oro-00019177-waqlutem.html
19179,oro-00019179-y4n9geuj.html
19196,oro-00019196-peuqctjc.html
19201,oro-00019201-mh9twoyr.html
19232,oro-00019232-99ihwd5x.html
19235,oro-00019235-ac34speg.html
19252,oro-00019252-lhnsr1cn.html
19290,oro-00019290-w76cbsxj.html
19306,oro-00019306-vlzl40x5.html
19314,oro-00019314-ky7yrx5o.html
19318,oro-00019318-jtfzhqe8.html
19326,oro-00019326-aobe5zfa.html
19377,oro-00019377-pvl9h4oz.html
19384,oro-00019384-2dulin6r.html
19394,oro-00019394-ijqveufh.html
19403,oro-00019403-flazrfwm.html
19431,oro-00019431-i49sqv6e.html
19459,oro-00019459-87c2o4ki.html
19497,oro-00019497-ull2688a.html
19499,oro-00019499-oto7hz8h.html
19501,oro-00019501-sgzn2zat.html
19509,oro-00019509-wcaki3ct.html
19511,oro-00019511-afhthvve.html
19519,oro-00019519-nwumcpmf.html
19526,oro-00019526-8wuetyuw.html
19554,oro-00019554-ry7dbk0a.html
19555,oro-00019555-2e8gvodd.html
19559,oro-00019559-lcx0qzb4.html
19572,oro-00019572-yniibtcs.html
19586,oro-00019586-nkpc0ke2.html
19606,oro-00019606-kvabznuc.html
19609,oro-00019609-xsphhg3n.html
19611,oro-00019611-ukrqfakc.html
19647,oro-00019647-yxkesxfd.html
19656,oro-00019656-9lmvpbvi.html
19667,oro-00019667-iics0evk.html
19688,oro-00019688-fo2q7vzs.html
19699,oro-00019699-myq8bi4w.html
19705,oro-00019705-l3wttslo.html
19715,oro-00019715-vtutlkzf.html
19723,oro-00019723-otxiljik.html
19726,oro-00019726-dqlztrqu.html
19743,oro-00019743-vy2fpbr9.html
19745,oro-00019745-1sbg7ofh.html
19757,oro-00019757-1qie6v2d.html
19767,oro-00019767-sdqoogba.html
19775,oro-00019775-eviffs9f.html
19777,oro-00019777-8cafwk6i.html
19779,oro-00019779-ldtzwvpb.html
19814,oro-00019814-qj8xzrox.html
19829,oro-00019829-ufj97hm8.html
19830,oro-00019830-2ougpdhi.html
19832,oro-00019832-jkgvrbrm.html
19836,oro-00019836-aiyenxck.html
19846,oro-00019846-t00f2jro.html
19848,oro-00019848-xrlfpcuk.html
19853,oro-00019853-tudizfua.html
19854,oro-00019854-h3dpzmso.html
19879,oro-00019879-e8vdeozj.html
19885,oro-00019885-jdobmglh.html
19888,oro-00019888-3gr5tnmx.html
19924,oro-00019924-7wnascgm.html
19952,oro-00019952-ueqfp4pr.html
19997,oro-00019997-bptpu0uk.html
